portfolio_rank,symbol,date,close,dma_200,distance_to_200dma_pct,prior_high_before_breakdown,distance_to_prior_high_pct,rsi_14,volume_ratio,calculated_technical_score,calculated_fundamental_score,combined_score,entry_price,quantity,allocation_amount,actual_investment,portfolio_weight_percent,stop_loss,maximum_loss,trend_target,expected_gain_percent,expected_gain_amount,risk_classification,setup
1,UYFINCORP,2026-09-28,19.79,15.51,27.58,17.4,13.74,54.66,1.99,68.75,94.0,78.85,19.79,5053,100000.0,99998.87,10.0,17.81,9999.89,23.35,17.99,17989.8,MODERATE CONVICTION,NOT A RECOVERY
2,INDOBORAX,2026-09-28,477.55,332.66,43.55,298.0,60.25,52.55,15.27,71.25,89.0,78.35,477.55,209,100000.0,99807.95,9.98,429.8,9980.8,563.51,18.0,17965.43,MODERATE CONVICTION,NOT A RECOVERY
3,SATIN,2026-09-28,234.4,194.04,20.8,173.45,35.14,62.83,1.58,72.5,80.0,75.5,234.4,426,100000.0,99854.4,9.99,210.96,9985.44,283.62,21.0,20969.42,MODERATE CONVICTION,NOT A RECOVERY
4,FEDERALBNK,2026-09-28,325.0,304.02,6.9,220.0,47.73,34.32,1.53,58.75,100.0,75.25,325.0,307,100000.0,99775.0,9.98,292.5,9977.5,377.0,16.0,15964.0,MODERATE CONVICTION,NOT A RECOVERY
5,MACPOWER,2026-09-28,2194.6,1219.86,79.91,1250.0,75.57,67.21,2.29,75.0,74.0,74.6,2194.6,45,100000.0,98757.0,9.88,1975.14,9875.7,2611.57,19.0,18763.83,MODERATE CONVICTION,NOT A RECOVERY
6,DIVGIITTS,2026-09-28,1218.6,823.76,47.93,807.4,50.93,59.33,2.49,75.0,74.0,74.6,1218.6,82,100000.0,99925.2,9.99,1096.74,9992.52,1450.13,19.0,18985.79,MODERATE CONVICTION,NOT A RECOVERY
7,MAHABANK,2026-09-28,80.85,75.02,7.77,58.79,37.52,45.31,1.12,57.5,100.0,74.5,80.85,1236,100000.0,99930.6,9.99,72.76,9993.06,91.36,13.0,12990.98,MODERATE CONVICTION,NOT A RECOVERY
8,GNFC,2026-09-28,620.65,500.53,24.0,539.0,15.15,64.39,0.39,61.25,94.0,74.35,620.65,161,100000.0,99924.65,9.99,558.58,9992.46,732.37,18.0,17986.44,MODERATE CONVICTION,NOT A RECOVERY
9,MAZDA,2026-09-28,285.15,218.96,30.23,285.0,0.05,65.5,0.85,61.25,92.0,73.55,285.15,350,100000.0,99802.5,9.98,256.64,9980.25,336.48,18.0,17964.45,MODERATE CONVICTION,NOT A RECOVERY
10,GEECEE,2026-09-28,369.35,323.07,14.33,386.0,-4.31,51.33,1.19,55.0,100.0,73.0,369.35,270,100000.0,99724.5,9.97,332.42,9972.45,421.06,14.0,13961.43,MODERATE CONVICTION,NOT A RECOVERY
